CREATE SCHEMA SECURITE;
GO
CREATE TABLE SECURITE.REF_LIB_REGION
(		
   ID_REGION INT,				
   CODE_REGION CHAR(2) ,
   LIB_REGION varchar(60)
);
INSERT INTO SECURITE.REF_LIB_REGION  VALUES (1,'AS','Asie');
INSERT INTO SECURITE.REF_LIB_REGION  VALUES (2,'AN','Amérique du Nord');
INSERT INTO SECURITE.REF_LIB_REGION  VALUES (3,'EU','Europe');
INSERT INTO SECURITE.REF_LIB_REGION  VALUES (4,'AF','Afrique');

CREATE TABLE SECURITE.REF_LIB_PAYS
(		
   ID_PAYS INT,				
   CODE_PAYS CHAR(2) ,
   LIB_PAYS varchar(60)
);

INSERT INTO SECURITE.REF_LIB_PAYS  VALUES (1,'JP','Japon');
INSERT INTO SECURITE.REF_LIB_PAYS  VALUES (2,'US','Etats Unis');
INSERT INTO SECURITE.REF_LIB_PAYS  VALUES (3,'BE','Belgique');
INSERT INTO SECURITE.REF_LIB_PAYS  VALUES (4,'ML','Mali');
INSERT INTO SECURITE.REF_LIB_PAYS  VALUES (5,'FR','France');
INSERT INTO SECURITE.REF_LIB_PAYS  VALUES (6,'CN','Corée du Nord');
INSERT INTO SECURITE.REF_LIB_PAYS  VALUES (7,'CS','Corée du Sud');
INSERT INTO SECURITE.REF_LIB_PAYS  VALUES (8,'UK','Royaume Uni');

CREATE TABLE SECURITE.PAYS
(		
   ID_PAYS INT,				
   ID_REGION INT ,
   NB_JOUEUR_PAYS INT
);

INSERT INTO SECURITE.PAYS  VALUES (1,1,20000000);
INSERT INTO SECURITE.PAYS  VALUES (2,2,100000000);
INSERT INTO SECURITE.PAYS  VALUES (3,3,1000000);
INSERT INTO SECURITE.PAYS  VALUES (4,4,20000);
INSERT INTO SECURITE.PAYS  VALUES (5,3,5000000);
INSERT INTO SECURITE.PAYS  VALUES (6,1,500);
INSERT INTO SECURITE.PAYS  VALUES (7,1,10000000);
INSERT INTO SECURITE.PAYS  VALUES (8,3,12000000);